date,text,source
2026-01-24,owners thoughts,r/ManchesterUnited
2026-01-24,thoughts????,r/ManchesterUnited
2026-01-24,90s training jacket,r/ManchesterUnited
2026-01-24,real leak ai ?,r/ManchesterUnited
2026-01-24,forensic audit uniteds 1.29b debt vs. 80m wharton valuation.,r/ManchesterUnited
2026-01-24,havent glazer family ineos pressure sell club sell due financial situation in?,r/ManchesterUnited
2026-01-24,saudi pro league plan invest new wave players bruno fernandes part list,r/ManchesterUnited
2026-01-24,feeling brighton cash carlos baleba come june move price tag north 60m likely closer 75m. mufc fair value.?,r/ManchesterUnited
2026-01-24,whyd make look like theyve wet,r/ManchesterUnited
2026-01-24,joe cole talking manager,r/ManchesterUnited
2026-01-24,u18s progress fa youth cup! ggmu!,r/ManchesterUnited
2026-01-24,message casemiro,r/ManchesterUnited
2026-01-24,sbc padded seat,r/ManchesterUnited
2026-01-24,day 3 paul pogbomb wins!!,r/ManchesterUnited
2026-01-23,best option ive seen market,r/ManchesterUnited
2026-01-23,victor valds disappearance barcelona glory manchester united silence,r/ManchesterUnited
2026-01-23,united u18 though next round fa youth cup,r/ManchesterUnited
2026-01-23,quality football team 1112 played way underatted.,r/ManchesterUnited
2026-01-23,fa youth cup 7pm ko v derby live mutv.,r/ManchesterUnited
2026-01-23,arsenal vs manchester united,r/ManchesterUnited
2026-01-23,would guys take garner back? looks like decent player rn.,r/ManchesterUnited
2026-01-23,year 2013.,r/ManchesterUnited
2026-01-23,predict arsenal vs man utd!!!,r/ManchesterUnited
2026-01-23,martin keown picks odegaard bruno,r/ManchesterUnited
2026-01-23,favourite casemiro memory?,r/ManchesterUnited
2026-01-23,womens away game,r/ManchesterUnited
2026-01-23,really dont like minor injury turned prolonged return date issue,r/ManchesterUnited
2026-01-23,ronaldos last premier league goal assisted casemiro,r/ManchesterUnited
2026-01-23,mark goldbridge terrible man united,r/ManchesterUnited
2026-01-23,casemirougarte leaving many midfield signings needed?,r/ManchesterUnited
2026-01-23,painting roy keane red cards,r/ManchesterUnited
2026-01-23,man united sign,r/ManchesterUnited
2026-01-23,day day im realizing good cristiano was...,r/ManchesterUnited
2026-01-23,united dont want big name managers.,r/ManchesterUnited
2026-01-23,casemiro got feeling like bruno leaving would surely give heart attack,r/ManchesterUnited
2026-01-23,"casual friday free talk discussion thread, music edition",r/ManchesterUnited
2026-01-23,need continuity coaching positions manchester united,r/ManchesterUnited
2026-01-23,first trip old trafford honeymoon likely fixture date change due europa league?,r/ManchesterUnited
2026-01-23,summer window,r/ManchesterUnited
2026-01-23,dorgu position,r/ManchesterUnited
2026-01-23,palmer man utd rumours,r/ManchesterUnited
2026-01-23,history! jose mourinho hints surprise interim michael carrick appointment thinlyveiled dig former club man utd goal.com,r/ManchesterUnited
2026-01-23,anderson rogers 2026.if get champions league football.,r/ManchesterUnited
2026-01-23,semenyo rejecting us pushing forward play winger may might changed lads whole career.,r/ManchesterUnited
2026-01-23,summer 2026,r/ManchesterUnited
2026-01-23,arsenal lineup,r/ManchesterUnited
2026-01-23,obvious 2027 transfer saga,r/ManchesterUnited
2026-01-22,bruno stay go,r/ManchesterUnited
2026-01-22,question hospitality tickets specifically hotel football,r/ManchesterUnited
2026-01-22,think need lb,r/ManchesterUnited
2026-01-24,pre match thread premier league game 23 arsenal vs manchester united,r/RedDevils
2026-01-24,amass joins norwich loan,r/RedDevils
2026-01-24,mark critchley casemiro worth estimated 119m hes cost manchester united four seasons?,r/RedDevils
2026-01-24,chris wheeler hes dedicated young player ive ever seen insiders man united backing benjamin sesko come good striker turned meditation turned social media,r/RedDevils
2026-01-24,"athletic wayne rooneys son kai, 16, makes old trafford debut man utd beat derby fa youth cup",r/RedDevils
2026-01-24,arsene wenger sir alex ferguson first clashed,r/RedDevils
2026-01-24,daily discussion,r/RedDevils
2026-01-23,big win old trafford! man utd 21 derby county fa youth cup highlights,r/RedDevils
2026-01-23,united u18s 20 derby u18s chido obi 103et,r/RedDevils
2026-01-23,"bryan mbeumo scoring derby, six months man utd, playing piano more!",r/RedDevils
2026-01-23,"fa youth cup xi vs derby u18s brynehughes helafu, mills, armer, kukonki mccormack, shah, bailey mantato, gabriel, obi",r/RedDevils
2026-01-23,"michael carrick confirmed mufcs fa youth cup tie derby old trafford tonight. message support im going along im excited going watch, told mutv. lucky enough play it, win it, young west ham simon peach",r/RedDevils
2026-01-23,manchester united today welcomed official launch old trafford regeneration mayoral development corporation otr mdc major milestone journey towards new worldclass home club vibrant district around old trafford.,r/RedDevils
2026-01-23,weve got ready it! michael carrick prearsenal press conference part one,r/RedDevils
2026-01-23,press conference michael carrick says utd fresh injury concerns arsenal sunday. de ligt still couple weeks away. bit setback arrived. little bit slower wed hoped.,r/RedDevils
2026-01-23,"mike mcgrath casemiro exit hasten man utd midfield rebuild tom heatons contract also expires summer, understood frame extension uniteds 3 works group goalkeepers.",r/RedDevils
2026-01-23,getting ready face arsenal! inside training,r/RedDevils
2026-01-23,free talk friday,r/RedDevils
2026-01-23,champions league countries set win extra places next season?,r/RedDevils
2026-01-23,daily discussion,r/RedDevils
2026-01-22,michael carrick wasnt popular manchester united signing initially transfer 360 sky sports,r/RedDevils
2026-01-22,"lisandro martinez casemiro instagram pleasure case!!! learned many things side, leadership, companionship, humility, work, personality, respect enjoying playing football ball doesnt burn. love",r/RedDevils
2026-01-22,interim head coach michael carrick first meeting sir alex ferguson manchester united football club signing tottenham hotspurs football club,r/RedDevils
2026-01-22,casemiro x knowing stages come end. knowing say goodbye feel remembered respected forever. four months give badge goal. eternal respect affection manchester united wonderful fans. forever red devil.,r/RedDevils
2026-01-22,message casemiro,r/RedDevils
2026-01-22,casemiro leave manchester united end season,r/RedDevils
2026-01-22,former reds gabriel heinze greets wayne rooney.,r/RedDevils
2026-01-22,ineos watch unprecedented year disaster go ahead eagles opponent ogc nice,r/RedDevils
2026-01-22,terland makes history red devils arsenal v man united subway womens league cup 2526 shot shit cam,r/RedDevils
2026-01-22,"laurie whitwell exclusive quiet january, changing summer plans, casemiro go?",r/RedDevils
2026-01-22,talk devils manchester united end emirates drought?,r/RedDevils
2026-01-22,deloitte 2026 football money league report,r/RedDevils
2026-01-22,manchester united revenue wages 2425.,r/RedDevils
2026-01-22,carl ankaart de roch would 2008 manchester united really get presentday arsenal?,r/RedDevils
2026-01-22,daily discussion,r/RedDevils
2026-01-21,sam mather signs 2.5 year contract kayserispor,r/RedDevils
2026-01-21,loan watch slavia prague 2 4 barcelona robert lewandowski 71 rashford assist,r/RedDevils
2026-01-21,chelsea manchester united meet womens league cup final clinched away wins semifinals.,r/RedDevils
2026-01-21,terlands goal puts manchester united womens league cup final first time,r/RedDevils
2026-01-21,arsenal 0 1 man united elisabeth terland 451,r/RedDevils
2026-01-21,"man united xi vs arsenal womens league cup semifinals tullisjoyce sandberg, janssen, le tissier c, riviere, zigiotti olme, miyazawa, wangerheim, park, aujo, terland",r/RedDevils
2026-01-21,"laurie whitwell toby collyer set join hull loan harry amass way norwich loan deal, end season, could happen tomorrow. w",r/RedDevils
2026-01-21,"rob dawson man united want bruno fernandes stay, eye preworld cup talks sources",r/RedDevils
2026-01-21,2016? ft. united squad,r/RedDevils
2026-01-21,mufcs march fixtures confirmed. friday night bournemouth... wed 4 march 2015 newcastle v man utd tnt sports sat 14 march 1500 man utd v aston villa could move due europa league fri 20 march 2000 bournemouth v man utd sky sports,r/RedDevils
2026-01-21,lisandro martinez goal man utd burnley wrongly ruled panel,r/RedDevils
2026-01-21,ayden heaven snapchat,r/RedDevils
2026-01-21,dorgus mom tells go sign autographs fans,r/RedDevils
2026-01-21,bruno fernandes wins premier league player matchweek,r/RedDevils
2026-01-21,adam crafron manchester united agree deal create crownstyle tv series,r/RedDevils
